<?xml version="1.0" encoding="UTF-8"?>
<project-private xmlns="http://www.netbeans.org/ns/project-private/1">
    <editor-bookmarks xmlns="http://www.netbeans.org/ns/editor-bookmarks/2" lastBookmarkId="0"/>
    <open-files xmlns="http://www.netbeans.org/ns/projectui-open-files/2">
        <group>
            <file>file:/Z:/Juan/PGR/U05/Ejercicios/EjercicioResuelto_05_08/src/animales/Tigre.java</file>
            <file>file:/Z:/Juan/PGR/U05/Ejercicios/EjercicioResuelto_05_08/src/animales/Lobo.java</file>
        </group>
    </open-files>
</project-private>
