<?xml version="1.0" encoding="UTF-8"?>
<project-private xmlns="http://www.netbeans.org/ns/project-private/1">
    <editor-bookmarks xmlns="http://www.netbeans.org/ns/editor-bookmarks/2" lastBookmarkId="1">
        <file>
            <url>src/clasejuancarlosfiltermartin/NombreApellidos.java</url>
            <bookmark id="1">
                <name/>
                <line>35</line>
                <key/>
            </bookmark>
        </file>
    </editor-bookmarks>
    <open-files xmlns="http://www.netbeans.org/ns/projectui-open-files/2">
        <group>
            <file>file:/C:/Users/Juan%20Carlos/Documents/NetBeansProjects/ClaseJuanCarlosFilterMartin/src/clasejuancarlosfiltermartin/JuanCarlosFilterMartin.java</file>
            <file>file:/C:/Users/Juan%20Carlos/Documents/NetBeansProjects/ClaseJuanCarlosFilterMartin/src/clasejuancarlosfiltermartin/ClaseJuanCarlosFilterMartin.java</file>
        </group>
        <group name="DAM">
            <file>file:/C:/Users/Juan%20Carlos/Documents/PROGRAMACION/DAM/ClaseJuanCarlosFilterMartin/src/clasejuancarlosfiltermartin/NombreApellidos.java</file>
            <file>file:/C:/Users/Juan%20Carlos/Documents/PROGRAMACION/DAM/ClaseJuanCarlosFilterMartin/src/clasejuancarlosfiltermartin/ClaseJuanCarlosFilterMartin.java</file>
        </group>
    </open-files>
</project-private>
