<?xml version="1.0" encoding="UTF-8"?>
<project-private xmlns="http://www.netbeans.org/ns/project-private/1">
    <editor-bookmarks xmlns="http://www.netbeans.org/ns/editor-bookmarks/2" lastBookmarkId="0"/>
    <open-files xmlns="http://www.netbeans.org/ns/projectui-open-files/2">
        <group name="NetBeansProjects">
            <file>file:/C:/Users/Juan%20Carlos/Documents/NetBeansProjects/JuanCarlosFilterMartinTarea5/src/Producto.java</file>
            <file>file:/C:/Users/Juan%20Carlos/Documents/NetBeansProjects/JuanCarlosFilterMartinTarea5/src/JuanCarlosFilterMartin.java</file>
        </group>
    </open-files>
</project-private>
