<?xml version="1.0" encoding="UTF-8"?>
<project-private xmlns="http://www.netbeans.org/ns/project-private/1">
    <editor-bookmarks xmlns="http://www.netbeans.org/ns/editor-bookmarks/2" lastBookmarkId="0"/>
    <open-files xmlns="http://www.netbeans.org/ns/projectui-open-files/2">
        <group>
            <file>file:/C:/Users/jcc/Documents/NetBeansProjects/Voladores/src/principal/Ave.java</file>
            <file>file:/C:/Users/jcc/Documents/NetBeansProjects/Voladores/src/principal/Superman.java</file>
            <file>file:/C:/Users/jcc/Documents/NetBeansProjects/Voladores/src/principal/Voladores.java</file>
            <file>file:/C:/Users/jcc/Documents/NetBeansProjects/Voladores/src/principal/Avion.java</file>
            <file>file:/C:/Users/jcc/Documents/NetBeansProjects/Voladores/src/principal/Animal.java</file>
        </group>
    </open-files>
</project-private>
